,NAME,vulnerability
0,Musselshell,0.5349783025507889
1,Chouteau,0.6166862536815498
2,Meagher,0.8119823361417912
3,Rosebud,0.2691474582912638
4,Sweet Grass,0.8010933597033253
5,Pondera,0.7538011612648494
6,Garfield,0.4158936988891183
7,Carter,0.45812250809242927
8,Liberty,0.7614698253277241
9,Fergus,0.703178666412407
10,Broadwater,0.8169970928932214
11,Big Horn,0.4628773361779466
12,Sanders,0.7180509895765381
13,Lincoln,0.7593929123992682
14,Granite,0.8070641491473636
15,Custer,0.3209389735139539
16,Richland,0.3226827068601603
17,Wibaux,0.37877243115253595
18,Wheatland,0.7668070718535605
19,Ravalli,0.7697695170861398
20,Valley,0.5250683884093894
21,Petroleum,0.35524246207966476
22,Phillips,0.39232140451755265
23,Sheridan,0.4120790613318753
24,Daniels,0.6223081088784919
25,Prairie,0.3341848169790778
26,Madison,0.8493963970683958
27,Beaverhead,0.8336732719821689
28,Toole,0.7577926378819508
29,Blaine,0.4919583221767328
30,Judith Basin,0.8514270636545144
31,Powell,0.8333881826084624
32,Park,0.8539033070469376
33,Roosevelt,0.1798805569848864
34,Fallon,0.3722698061990659
35,McCone,0.36895739383606535
36,Stillwater,0.797634978636303
37,Teton,0.8295762409116154
38,Dawson,0.32522703731467567
39,Powder River,0.47289635657142964
40,Glacier,0.7252578796280174
41,Lake,0.7386742097859547
42,Hill,0.5958866414960777
43,Treasure,0.36404411513481744
44,Mineral,0.7175786534020576
45,Golden Valley,0.708706684441428
46,Yellowstone,0.580211628808885
47,Carbon,0.831172350102507
48,Gallatin,0.8665408331516029
49,Cascade,0.8046939176270337
50,Lewis and Clark,0.8797002083543654
51,Jefferson,0.8533977184858106
52,Flathead,0.8409204309465496
53,Missoula,0.8334337963985602
54,Deer Lodge,0.8069832780328755
55,Silver Bow,0.7828785280457492
